note_id,text
synthetic-1,"Chief Complaint:
Severe abdominal pain and nausea.

History of Present Illness:
The patient is a 38-year-old male with a history of hypertension and GERD who presented with a 3-day history of worsening epigastric abdominal pain radiating to the back, associated with nausea and occasional vomiting. The pain was described as sharp, 8/10 in intensity, and worsened with food intake. No fever, diarrhea, or urinary symptoms were reported.

Physical Examination:
General: Alert, in moderate distress due to pain.
Vitals:
Temperature: 98.7°F
Heart Rate: 92 bpm
Blood Pressure: 140/88 mmHg
Respiratory Rate: 18 bpm
SpO2: 98% on room air
Abdomen: Tenderness in the epigastric region without rebound or guarding; normal bowel sounds.
Other: Normal cardiovascular, respiratory, and neurological examinations.
Pertinent Results
Blood Tests (Performed 11/17/2024):
Complete Blood Count (CBC):
WBC: 14,000/mm³ (↑)
Hemoglobin: 14.2 g/dL
Platelets: 250,000/mm³
Comprehensive Metabolic Panel (CMP):
Sodium: 139 mmol/L
Potassium: 4.1 mmol/L
Chloride: 101 mmol/L
BUN: 25 mg/dL (↑)
Creatinine: 1.2 mg/dL
AST: 150 U/L (↑)
ALT: 200 U/L (↑)
Alkaline Phosphatase: 110 U/L
Lipase: 350 U/L (↑)
Other: Negative serum H. pylori antibody test.
Imaging:
Abdominal CT Scan (11/18/2024): Evidence of acute pancreatitis without complications such as necrosis or pseudocyst formation.
Brief Hospital Course:
The patient was admitted for acute pancreatitis, likely secondary to alcohol use. He was managed with intravenous fluids, pain control using acetaminophen and low-dose morphine, and antiemetics. A low-fat, clear liquid diet was initiated on hospital day 3 and gradually advanced as tolerated. Laboratory abnormalities, including elevated liver enzymes and lipase, improved over the hospital stay. He was closely monitored for complications, none of which developed.

Patient education included strict abstinence from alcohol, a low-fat diet, and follow-up with primary care and gastroenterology. A prescription for pantoprazole 40 mg daily was provided for GERD management.

Discharge Diagnoses:
Acute pancreatitis, likely secondary to alcohol use.
Hypertension.
Gastroesophageal reflux disease (GERD).
Discharge Instructions:
Primary Care Visit: Schedule within 1 week of discharge.
Gastroenterology: Follow-up in 2 weeks to reassess liver enzymes and discuss long-term management.
Diet: Low-fat diet; avoid alcohol completely.
Medications:
Pantoprazole 40 mg daily
Acetaminophen as needed for mild pain
Continue antihypertensive regimen as prescribed."
synthetic-2,"Chief Complaint:
Fever and shortness of breath for 4 days.

History of Present Illness:
The patient is a 34-year-old female with a history of asthma and seasonal allergies who presented with a 4-day history of fever (maximum 101.8°F), productive cough with green sputum, and progressive shortness of breath. Symptoms began after recent exposure to a family member with an upper respiratory infection. She denied chest pain, hemoptysis, or recent travel.

Physical Examination:
General: Mild respiratory distress, fatigued appearance.
Vitals:
Temperature: 100.9°F
Heart Rate: 110 bpm
Blood Pressure: 126/78 mmHg
Respiratory Rate: 22 bpm
SpO2: 93% on room air
Lungs: Diffuse wheezing and crackles in the right lower lung field.
Other: No jugular venous distension, normal cardiovascular and neurological examinations.
Pertinent Results
Blood Tests (Performed 11/16/2024):
Complete Blood Count (CBC):
WBC: 13,800/mm³ (↑)
Hemoglobin: 12.6 g/dL
Platelets: 320,000/mm³
Comprehensive Metabolic Panel (CMP):
Sodium: 137 mmol/L
Potassium: 4.0 mmol/L
Chloride: 102 mmol/L
BUN: 16 mg/dL
Creatinine: 0.9 mg/dL
Inflammatory Markers:
C-Reactive Protein (CRP): 7.2 mg/dL (↑)
Microbiology:
Sputum Culture: Positive for Streptococcus pneumoniae.
Imaging:
Chest X-ray (11/16/2024): Right lower lobe consolidation consistent with pneumonia.
Brief Hospital Course:
The patient was admitted for community-acquired pneumonia and mild hypoxemia. She was started on intravenous ceftriaxone and oral azithromycin. Supplemental oxygen via nasal cannula at 2 L/min was initiated to maintain SpO2 above 94%. Bronchodilator therapy with albuterol was used to address asthma exacerbation.

Over the course of her hospitalization, the patient showed significant improvement in oxygenation and respiratory symptoms. She transitioned to oral antibiotics on hospital day 4 and no longer required supplemental oxygen at the time of discharge.

She received education on proper asthma management, pneumonia recovery, and signs of worsening respiratory symptoms.

Discharge Diagnoses:
Community-acquired pneumonia (Streptococcus pneumoniae).
Acute asthma exacerbation.
Allergic rhinitis."
synthetic-3,"Chief Complaint:
Chest pain and dizziness

History of Present Illness:
The patient is a 52-year-old male with a history of hyperlipidemia and a 20-pack-year smoking history who presented with sudden-onset substernal chest pain, described as tight and radiating to the left arm, accompanied by dizziness and diaphoresis. Symptoms began while walking his dog and lasted approximately 20 minutes. The pain resolved upon arrival at the emergency department. No history of recent illness, trauma, or significant physical exertion prior to the event.

Physical Examination:
General: Appeared anxious but in no acute distress.
Vitals:
Temperature: 97.9°F
Heart Rate: 78 bpm
Blood Pressure: 132/84 mmHg
Respiratory Rate: 16 bpm
SpO2: 98% on room air
Cardiovascular: Normal heart sounds, no murmurs or gallops.
Lungs: Clear to auscultation bilaterally.
Extremities: No edema, pulses symmetric.
Other: Normal neurological exam.
Pertinent Results
Blood Tests (Performed 11/19/2024):
Troponin I: 0.08 ng/mL (Normal: <0.04; mildly elevated)
Lipid Panel:
Total Cholesterol: 220 mg/dL (↑)
LDL: 150 mg/dL (↑)
HDL: 40 mg/dL
Triglycerides: 180 mg/dL
CBC and CMP: Normal.
Electrocardiogram (ECG):
ST-segment depression in leads V5 and V6, consistent with ischemia.
Imaging:
Chest X-ray: Normal cardiac silhouette, no pulmonary abnormalities.
Cardiac Stress Test (11/20/2024):
Positive for inducible ischemia in the inferior wall.
Brief Hospital Course:
The patient was admitted for evaluation of suspected acute coronary syndrome (ACS). Initial management included aspirin 325 mg, atorvastatin 40 mg, and sublingual nitroglycerin for symptom relief. Serial troponins remained stable without a significant rise, ruling out acute myocardial infarction.

Cardiology consultation recommended optimizing medical management and scheduling an outpatient coronary angiography within two weeks. The patient received extensive education on the importance of smoking cessation, dietary modifications, and medication adherence.

Discharge Diagnoses:
Non-ST Elevation Acute Coronary Syndrome (NSTE-ACS).
Hyperlipidemia.
Tobacco use disorder."
